"","States","Gender","Year","Death","Population","Rate"
"1","United States","Female",2000,5709,142433484,4.01
"2","United States","Male",2000,23611,138053563,17.1
"3","United States","Female",2001,5943,144773723,4.11
"4","United States","Male",2001,24658,139891492,17.63
"5","United States","Female",2002,6230,145676836,4.28
"6","United States","Male",2002,25399,141230559,17.98
"7","United States","Female",2003,6276,147378429,4.26
"8","United States","Male",2003,25196,142428897,17.69
"9","United States","Female",2004,6867,148677002,4.62
"10","United States","Male",2004,25555,143828012,17.77
"11","United States","Female",2005,6714,149698365,4.49
"12","United States","Male",2005,25900,145197078,17.84
"13","United States","Female",2006,6986,151431325,4.61
"14","United States","Male",2006,26300,146647265,17.93
"15","United States","Female",2007,7320,152842287,4.79
"16","United States","Male",2007,27264,148064854,18.41
"17","United States","Female",2008,7583,154604015,4.9
"18","United States","Male",2008,28447,149489951,19.03
"19","United States","Female",2009,7817,155652247,5.02
"20","United States","Male",2009,29077,150807454,19.28
"21","United States","Female",2010,8078,156646711,5.16
"22","United States","Male",2010,30271,151781326,19.94
"23","Alabama","Female",2000,112,2300596,4.87
"24","Alabama","Female",2001,97,2309496,4.2
"25","Alabama","Female",2002,99,2314370,4.28
"26","Alabama","Female",2003,96,2324069,4.13
"27","Alabama","Female",2004,97,2337857,4.15
"28","Alabama","Female",2005,96,2356423,4.07
"29","Alabama","Female",2006,96,2385480,4.02
"30","Alabama","Female",2007,122,2407275,5.07
"31","Alabama","Female",2008,121,2430257,4.98
"32","Alabama","Female",2009,130,2448159,5.31
"33","Alabama","Female",2010,141,2459548,5.73
"34","Alabama","Male",2000,471,2146504,21.94
"35","Alabama","Male",2001,415,2158138,19.23
"36","Alabama","Male",2002,415,2165719,19.16
"37","Alabama","Male",2003,425,2179422,19.5
"38","Alabama","Male",2004,444,2192872,20.25
"39","Alabama","Male",2005,439,2213382,19.83
"40","Alabama","Male",2006,484,2243501,21.57
"41","Alabama","Male",2007,470,2265565,20.75
"42","Alabama","Male",2008,483,2287949,21.11
"43","Alabama","Male",2009,543,2309779,23.51
"44","Alabama","Male",2010,538,2320188,23.19
"45","Alaska","Female",2000,25,302820,8.26
"46","Alaska","Female",2001,20,305579,6.54
"47","Alaska","Female",2002,35,309633,11.3
"48","Alaska","Female",2003,25,313034,7.99
"49","Alaska","Female",2004,37,317807,11.64
"50","Alaska","Female",2005,27,320920,8.41
"51","Alaska","Female",2006,31,325121,9.53
"52","Alaska","Female",2007,26,327138,7.95
"53","Alaska","Female",2008,34,329412,10.32
"54","Alaska","Female",2009,32,337002,9.5
"55","Alaska","Female",2010,34,340603,9.98
"56","Alaska","Male",2000,112,324112,34.56
"57","Alaska","Male",2001,82,328135,24.99
"58","Alaska","Male",2002,97,332704,29.16
"59","Alaska","Male",2003,99,335380,29.52
"60","Alaska","Male",2004,118,341479,34.56
"61","Alaska","Male",2005,104,346026,30.06
"62","Alaska","Male",2006,104,350181,29.7
"63","Alaska","Male",2007,123,353162,34.83
"64","Alaska","Male",2008,135,358043,37.7
"65","Alaska","Male",2009,111,361893,30.67
"66","Alaska","Male",2010,130,369628,35.17
"67","Arizona","Female",2000,156,2569575,6.07
"68","Arizona","Female",2001,145,2641676,5.49
"69","Arizona","Female",2002,171,2704217,6.32
"70","Arizona","Female",2003,172,2764077,6.22
"71","Arizona","Female",2004,186,2835606,6.56
"72","Arizona","Female",2005,200,2930811,6.82
"73","Arizona","Female",2006,213,3026134,7.04
"74","Arizona","Female",2007,217,3096998,7.01
"75","Arizona","Female",2008,232,3155278,7.35
"76","Arizona","Female",2009,266,3189908,8.34
"77","Arizona","Female",2010,225,3216194,7
"78","Arizona","Male",2000,628,2561057,24.52
"79","Arizona","Male",2001,622,2631801,23.63
"80","Arizona","Male",2002,715,2692038,26.56
"81","Arizona","Male",2003,667,2746287,24.29
"82","Arizona","Male",2004,694,2816798,24.64
"83","Arizona","Male",2005,743,2908266,25.55
"84","Arizona","Male",2006,764,3003007,25.44
"85","Arizona","Male",2007,798,3070683,25.99
"86","Arizona","Male",2008,740,3125084,23.68
"87","Arizona","Male",2009,792,3153246,25.12
"88","Arizona","Male",2010,868,3175823,27.33
"89","Arkansas","Female",2000,69,1368707,5.04
"90","Arkansas","Female",2001,68,1376845,4.94
"91","Arkansas","Female",2002,66,1383239,4.77
"92","Arkansas","Female",2003,72,1391523,5.17
"93","Arkansas","Female",2004,70,1403048,4.99
"94","Arkansas","Female",2005,86,1418295,6.06
"95","Arkansas","Female",2006,63,1438428,4.38
"96","Arkansas","Female",2007,80,1451358,5.51
"97","Arkansas","Female",2008,118,1464220,8.06
"98","Arkansas","Female",2009,85,1475013,5.76
"99","Arkansas","Female",2010,87,1484281,5.86
"100","Arkansas","Male",2000,280,1304693,21.46
"101","Arkansas","Male",2001,314,1314726,23.88
"102","Arkansas","Male",2002,311,1322688,23.51
"103","Arkansas","Male",2003,302,1333293,22.65
"104","Arkansas","Male",2004,291,1346638,21.61
"105","Arkansas","Male",2005,314,1362802,23.04
"106","Arkansas","Male",2006,313,1383333,22.63
"107","Arkansas","Male",2007,322,1397292,23.04
"108","Arkansas","Male",2008,329,1410334,23.33
"109","Arkansas","Male",2009,337,1421830,23.7
"110","Arkansas","Male",2010,360,1431637,25.15
"111","California","Female",2000,618,16996756,3.64
"112","California","Female",2001,504,17294223,2.91
"113","California","Female",2002,711,17498462,4.06
"114","California","Female",2003,735,17709509,4.15
"115","California","Female",2004,822,17871415,4.6
"116","California","Female",2005,738,17996230,4.1
"117","California","Female",2006,756,18097471,4.18
"118","California","Female",2007,832,18214926,4.57
"119","California","Female",2008,879,18396972,4.78
"120","California","Female",2009,914,18583075,4.92
"121","California","Female",2010,883,18736126,4.71
"122","California","Male",2000,2350,16874892,13.93
"123","California","Male",2001,2325,17185235,13.53
"124","California","Male",2002,2516,17373381,14.48
"125","California","Male",2003,2661,17543650,15.17
"126","California","Male",2004,2544,17703161,14.37
"127","California","Male",2005,2467,17831713,13.83
"128","California","Male",2006,2576,17923731,14.37
"129","California","Male",2007,2768,18035385,15.35
"130","California","Male",2008,2894,18207365,15.89
"131","California","Male",2009,2908,18378154,15.82
"132","California","Male",2010,3027,18517830,16.35
"133","Colorado","Female",2000,118,2135278,5.53
"134","Colorado","Female",2001,151,2195705,6.88
"135","Colorado","Female",2002,143,2228665,6.42
"136","Colorado","Female",2003,157,2253214,6.97
"137","Colorado","Female",2004,186,2274511,8.18
"138","Colorado","Female",2005,166,2308238,7.19
"139","Colorado","Female",2006,173,2352960,7.35
"140","Colorado","Female",2007,179,2396433,7.47
"141","Colorado","Female",2008,184,2439060,7.54
"142","Colorado","Female",2009,212,2480710,8.55
"143","Colorado","Female",2010,201,2508534,8.01
"144","Colorado","Male",2000,495,2165983,22.85
"145","Colorado","Male",2001,571,2229982,25.61
"146","Colorado","Male",2002,584,2261741,25.82
"147","Colorado","Male",2003,571,2275518,25.09
"148","Colorado","Male",2004,611,2300502,26.56
"149","Colorado","Male",2005,634,2323650,27.28
"150","Colorado","Male",2006,557,2367463,23.53
"151","Colorado","Male",2007,632,2407435,26.25
"152","Colorado","Male",2008,619,2450670,25.26
"153","Colorado","Male",2009,729,2491485,29.26
"154","Colorado","Male",2010,664,2520662,26.34
"155","Connecticut","Female",2000,61,1756246,3.47
"156","Connecticut","Female",2001,52,1768959,2.94
"157","Connecticut","Female",2002,54,1780500,3.03
"158","Connecticut","Female",2003,66,1793468,3.68
"159","Connecticut","Female",2004,64,1798078,3.56
"160","Connecticut","Female",2005,64,1802068,3.55
"161","Connecticut","Female",2006,60,1807675,3.32
"162","Connecticut","Female",2007,58,1811617,3.2
"163","Connecticut","Female",2008,70,1820749,3.84
"164","Connecticut","Female",2009,79,1828779,4.32
"165","Connecticut","Female",2010,74,1834483,4.03
"166","Connecticut","Male",2000,243,1649319,14.73
"167","Connecticut","Male",2001,231,1663876,13.88
"168","Connecticut","Male",2002,205,1678249,12.22
"169","Connecticut","Male",2003,206,1690868,12.18
"170","Connecticut","Male",2004,230,1698016,13.55
"171","Connecticut","Male",2005,231,1704888,13.55
"172","Connecticut","Male",2006,232,1709785,13.57
"173","Connecticut","Male",2007,213,1715653,12.42
"174","Connecticut","Male",2008,245,1724830,14.2
"175","Connecticut","Male",2009,237,1733028,13.68
"176","Connecticut","Male",2010,279,1739614,16.04
"177","Delaware","Female",2000,20,403059,4.96
"178","Delaware","Female",2001,23,409349,5.62
"179","Delaware","Female",2003,25,420802,5.94
"180","Delaware","Female",2004,23,427320,5.38
"181","Delaware","Female",2005,14,435227,3.22
"182","Delaware","Female",2006,17,442766,3.84
"183","Delaware","Female",2007,24,449398,5.34
"184","Delaware","Female",2008,21,455481,4.61
"185","Delaware","Female",2009,21,459795,4.57
"186","Delaware","Female",2010,18,462995,3.89
"187","Delaware","Male",2000,62,380541,16.29
"188","Delaware","Male",2001,85,386350,22
"189","Delaware","Male",2002,66,391517,16.86
"190","Delaware","Male",2003,69,397201,17.37
"191","Delaware","Male",2004,70,403483,17.35
"192","Delaware","Male",2005,69,409923,16.83
"193","Delaware","Male",2006,74,416502,17.77
"194","Delaware","Male",2007,71,422351,16.81
"195","Delaware","Male",2008,88,428393,20.54
"196","Delaware","Male",2009,86,431935,19.91
"197","Delaware","Male",2010,88,434939,20.23
"198","District of Columbia","Female",2007,12,302949,3.96
"199","District of Columbia","Female",2008,10,306265,3.27
"200","District of Columbia","Male",2000,18,269366,6.68
"201","District of Columbia","Male",2001,34,270764,12.56
"202","District of Columbia","Male",2002,23,270012,8.52
"203","District of Columbia","Male",2003,31,267895,11.57
"204","District of Columbia","Male",2004,27,267470,10.09
"205","District of Columbia","Male",2005,24,267523,8.97
"206","District of Columbia","Male",2006,24,269359,8.91
"207","District of Columbia","Male",2007,24,271455,8.84
"208","District of Columbia","Male",2008,33,273971,12.05
"209","District of Columbia","Male",2009,26,280400,9.27
"210","District of Columbia","Male",2010,33,284222,11.61
"211","Florida","Female",2000,421,8184663,5.14
"212","Florida","Female",2001,512,8372776,6.12
"213","Florida","Female",2002,520,8541734,6.09
"214","Florida","Female",2003,497,8697573,5.71
"215","Florida","Female",2004,589,8902447,6.62
"216","Florida","Female",2005,577,9117950,6.33
"217","Florida","Female",2006,561,9280080,6.05
"218","Florida","Female",2007,586,9378587,6.25
"219","Florida","Female",2008,618,9465279,6.53
"220","Florida","Female",2009,619,9534289,6.49
"221","Florida","Female",2010,627,9611955,6.52
"222","Florida","Male",2000,1664,7797715,21.34
"223","Florida","Male",2001,1802,7984190,22.57
"224","Florida","Male",2002,1817,8147636,22.3
"225","Florida","Male",2003,1798,8306512,21.65
"226","Florida","Male",2004,1798,8512871,21.12
"227","Florida","Male",2005,1769,8724088,20.28
"228","Florida","Male",2006,1879,8886910,21.14
"229","Florida","Male",2007,2000,8989255,22.25
"230","Florida","Male",2008,2122,9062026,23.42
"231","Florida","Male",2009,2238,9118355,24.54
"232","Florida","Male",2010,2162,9189355,23.53
"233","Georgia","Female",2000,181,4159340,4.35
"234","Georgia","Female",2001,182,4256162,4.28
"235","Georgia","Female",2002,177,4327934,4.09
"236","Georgia","Female",2003,175,4394952,3.98
"237","Georgia","Female",2004,200,4463524,4.48
"238","Georgia","Female",2005,179,4555263,3.93
"239","Georgia","Female",2006,193,4670606,4.13
"240","Georgia","Female",2007,196,4777572,4.1
"241","Georgia","Female",2008,221,4856984,4.55
"242","Georgia","Female",2009,248,4917756,5.04
"243","Georgia","Female",2010,241,4958482,4.86
"244","Georgia","Male",2000,666,4027113,16.54
"245","Georgia","Male",2001,753,4120876,18.27
"246","Georgia","Male",2002,732,4180322,17.51
"247","Georgia","Male",2003,797,4227841,18.85
"248","Georgia","Male",2004,773,4305728,17.95
"249","Georgia","Male",2005,745,4370659,17.05
"250","Georgia","Male",2006,730,4485207,16.28
"251","Georgia","Male",2007,801,4572416,17.52
"252","Georgia","Male",2008,760,4647859,16.35
"253","Georgia","Male",2009,885,4703090,18.82
"254","Georgia","Male",2010,892,4729171,18.86
"255","Hawaii","Female",2000,26,602866,4.31
"256","Hawaii","Female",2001,33,609189,5.42
"257","Hawaii","Female",2002,26,616192,4.22
"258","Hawaii","Female",2003,33,623753,5.29
"259","Hawaii","Female",2004,26,636864,4.08
"260","Hawaii","Female",2005,33,644813,5.12
"261","Hawaii","Female",2006,32,652351,4.91
"262","Hawaii","Female",2007,32,657185,4.87
"263","Hawaii","Female",2008,40,665313,6.01
"264","Hawaii","Female",2009,37,673075,5.5
"265","Hawaii","Female",2010,48,679058,7.07
"266","Hawaii","Male",2000,111,608671,18.24
"267","Hawaii","Male",2001,103,616759,16.7
"268","Hawaii","Male",2002,94,623421,15.08
"269","Hawaii","Male",2003,98,627401,15.62
"270","Hawaii","Male",2004,90,636705,14.14
"271","Hawaii","Male",2005,74,647916,11.42
"272","Hawaii","Male",2006,88,657380,13.39
"273","Hawaii","Male",2007,101,658490,15.34
"274","Hawaii","Male",2008,93,666900,13.95
"275","Hawaii","Male",2009,138,673642,20.49
"276","Hawaii","Male",2010,159,681243,23.34
"277","Idaho","Female",2000,27,645293,4.18
"278","Idaho","Female",2001,53,658043,8.05
"279","Idaho","Female",2002,26,668686,3.89
"280","Idaho","Female",2003,32,679877,4.71
"281","Idaho","Female",2004,45,693186,6.49
"282","Idaho","Female",2005,35,711983,4.92
"283","Idaho","Female",2006,43,732104,5.87
"284","Idaho","Female",2007,34,750127,4.53
"285","Idaho","Female",2008,49,764792,6.41
"286","Idaho","Female",2009,70,775398,9.03
"287","Idaho","Female",2010,53,782258,6.78
"288","Idaho","Male",2000,140,648660,21.58
"289","Idaho","Male",2001,157,661919,23.72
"290","Idaho","Male",2002,175,671686,26.05
"291","Idaho","Male",2003,185,683503,27.07
"292","Idaho","Male",2004,191,698616,27.34
"293","Idaho","Male",2005,193,716258,26.95
"294","Idaho","Male",2006,179,736565,24.3
"295","Idaho","Male",2007,189,754978,25.03
"296","Idaho","Male",2008,203,769528,26.38
"297","Idaho","Male",2009,234,779041,30.04
"298","Idaho","Male",2010,237,785324,30.18
"299","Illinois","Female",2000,187,6338957,2.95
"300","Illinois","Female",2001,215,6370443,3.37
"301","Illinois","Female",2002,218,6387897,3.41
"302","Illinois","Female",2003,178,6402859,2.78
"303","Illinois","Female",2004,209,6414209,3.26
"304","Illinois","Female",2005,222,6423831,3.46
"305","Illinois","Female",2006,200,6440022,3.11
"306","Illinois","Female",2007,225,6467577,3.48
"307","Illinois","Female",2008,231,6493537,3.56
"308","Illinois","Female",2009,255,6520723,3.91
"309","Illinois","Female",2010,236,6538356,3.61
"310","Illinois","Male",2000,816,6080336,13.42
"311","Illinois","Male",2001,924,6118002,15.1
"312","Illinois","Male",2002,927,6137659,15.1
"313","Illinois","Male",2003,832,6153147,13.52
"314","Illinois","Male",2004,819,6175564,13.26
"315","Illinois","Male",2005,864,6186072,13.97
"316","Illinois","Male",2006,810,6203933,13.06
"317","Illinois","Male",2007,883,6228289,14.18
"318","Illinois","Male",2008,967,6253501,15.46
"319","Illinois","Male",2009,922,6276055,14.69
"320","Illinois","Male",2010,941,6292276,14.95
"321","Indiana","Female",2000,119,3098011,3.84
"322","Indiana","Female",2001,145,3120158,4.65
"323","Indiana","Female",2002,135,3133342,4.31
"324","Indiana","Female",2003,133,3152366,4.22
"325","Indiana","Female",2004,141,3168952,4.45
"326","Indiana","Female",2005,122,3191481,3.82
"327","Indiana","Female",2006,150,3218203,4.66
"328","Indiana","Female",2007,166,3241454,5.12
"329","Indiana","Female",2008,159,3263963,4.87
"330","Indiana","Female",2009,146,3281477,4.45
"331","Indiana","Female",2010,192,3294065,5.83
"332","Indiana","Male",2000,564,2982474,18.91
"333","Indiana","Male",2001,570,3007602,18.95
"334","Indiana","Male",2002,608,3022625,20.11
"335","Indiana","Male",2003,603,3044272,19.81
"336","Indiana","Male",2004,563,3064055,18.37
"337","Indiana","Male",2005,623,3087135,20.18
"338","Indiana","Male",2006,674,3114466,21.64
"339","Indiana","Male",2007,624,3138145,19.88
"340","Indiana","Male",2008,650,3160843,20.56
"341","Indiana","Male",2009,682,3177848,21.46
"342","Indiana","Male",2010,672,3189737,21.07
"343","Iowa","Female",2000,44,1490809,2.95
"344","Iowa","Female",2001,46,1492287,3.08
"345","Iowa","Female",2002,64,1491450,4.29
"346","Iowa","Female",2003,60,1493907,4.02
"347","Iowa","Female",2004,56,1498888,3.74
"348","Iowa","Female",2005,78,1503019,5.19
"349","Iowa","Female",2006,62,1511124,4.1
"350","Iowa","Female",2007,62,1518023,4.08
"351","Iowa","Female",2008,72,1525539,4.72
"352","Iowa","Female",2009,68,1532739,4.44
"353","Iowa","Female",2010,68,1538036,4.42
"354","Iowa","Male",2000,245,1435515,17.07
"355","Iowa","Male",2001,258,1439710,17.92
"356","Iowa","Male",2002,250,1442784,17.33
"357","Iowa","Male",2003,292,1448092,20.16
"358","Iowa","Male",2004,287,1454747,19.73
"359","Iowa","Male",2005,255,1461435,17.45
"360","Iowa","Male",2006,272,1471520,18.48
"361","Iowa","Male",2007,260,1481189,17.55
"362","Iowa","Male",2008,308,1491195,20.65
"363","Iowa","Male",2009,293,1500131,19.53
"364","Iowa","Male",2010,304,1508319,20.15
"365","Kansas","Female",2000,54,1359944,3.97
"366","Kansas","Female",2001,55,1365966,4.03
"367","Kansas","Female",2002,59,1371898,4.3
"368","Kansas","Female",2003,76,1377415,5.52
"369","Kansas","Female",2004,79,1382396,5.71
"370","Kansas","Female",2005,62,1387958,4.47
"371","Kansas","Female",2006,70,1394092,5.02
"372","Kansas","Female",2007,71,1405705,5.05
"373","Kansas","Female",2008,51,1415563,3.6
"374","Kansas","Female",2009,69,1428139,4.83
"375","Kansas","Female",2010,81,1437710,5.63
"376","Kansas","Male",2000,271,1328474,20.4
"377","Kansas","Male",2001,238,1336196,17.81
"378","Kansas","Male",2002,286,1341637,21.32
"379","Kansas","Male",2003,271,1345589,20.14
"380","Kansas","Male",2004,291,1351977,21.52
"381","Kansas","Male",2005,300,1357341,22.1
"382","Kansas","Male",2006,309,1368839,22.57
"383","Kansas","Male",2007,311,1378080,22.57
"384","Kansas","Male",2008,286,1392513,20.54
"385","Kansas","Male",2009,313,1404565,22.28
"386","Kansas","Male",2010,320,1415408,22.61
"387","Kentucky","Female",2000,85,2066401,4.11
"388","Kentucky","Female",2001,91,2076871,4.38
"389","Kentucky","Female",2002,95,2087223,4.55
"390","Kentucky","Female",2003,96,2102308,4.57
"391","Kentucky","Female",2004,96,2112051,4.55
"392","Kentucky","Female",2005,112,2129658,5.26
"393","Kentucky","Female",2006,107,2149096,4.98
"394","Kentucky","Female",2007,123,2164210,5.68
"395","Kentucky","Female",2008,118,2183532,5.4
"396","Kentucky","Female",2009,123,2193136,5.61
"397","Kentucky","Female",2010,111,2204415,5.04
"398","Kentucky","Male",2000,436,1975368,22.07
"399","Kentucky","Male",2001,404,1991261,20.29
"400","Kentucky","Male",2002,444,2002652,22.17
"401","Kentucky","Male",2003,471,2014862,23.38
"402","Kentucky","Male",2004,463,2034050,22.76
"403","Kentucky","Male",2005,454,2053084,22.11
"404","Kentucky","Male",2006,515,2070143,24.88
"405","Kentucky","Male",2007,526,2092462,25.14
"406","Kentucky","Male",2008,494,2106346,23.45
"407","Kentucky","Male",2009,469,2123938,22.08
"408","Kentucky","Male",2010,520,2134952,24.36
"409","Louisiana","Female",2000,83,2306073,3.6
"410","Louisiana","Female",2001,98,2308063,4.25
"411","Louisiana","Female",2002,81,2315524,3.5
"412","Louisiana","Female",2003,99,2327153,4.25
"413","Louisiana","Female",2004,100,2338753,4.28
"414","Louisiana","Female",2005,106,2349441,4.51
"415","Louisiana","Female",2006,100,2204072,4.54
"416","Louisiana","Female",2007,96,2239125,4.29
"417","Louisiana","Female",2008,102,2269630,4.49
"418","Louisiana","Female",2009,94,2295199,4.1
"419","Louisiana","Female",2010,97,2314080,4.19
"420","Louisiana","Male",2000,385,2162903,17.8
"421","Louisiana","Male",2001,395,2169812,18.2
"422","Louisiana","Male",2002,418,2181743,19.16
"423","Louisiana","Male",2003,362,2193889,16.5
"424","Louisiana","Male",2004,437,2213485,19.74
"425","Louisiana","Male",2005,398,2227187,17.87
"426","Louisiana","Male",2006,392,2098593,18.68
"427","Louisiana","Male",2007,426,2136456,19.94
"428","Louisiana","Male",2008,428,2165956,19.76
"429","Louisiana","Male",2009,396,2196449,18.03
"430","Louisiana","Male",2010,460,2219292,20.73
"431","Maine","Female",2000,20,654614,3.06
"432","Maine","Female",2001,33,659657,5
"433","Maine","Female",2002,33,664226,4.97
"434","Maine","Female",2003,29,668680,4.34
"435","Maine","Female",2004,34,671862,5.06
"436","Maine","Female",2005,30,674104,4.45
"437","Maine","Female",2006,32,676157,4.73
"438","Maine","Female",2007,35,677797,5.16
"439","Maine","Female",2008,35,679413,5.15
"440","Maine","Female",2009,42,678694,6.19
"441","Maine","Female",2010,35,678305,5.16
"442","Maine","Male",2000,134,620309,21.6
"443","Maine","Male",2001,128,626035,20.45
"444","Maine","Male",2002,133,631734,21.05
"445","Maine","Male",2003,108,637833,16.93
"446","Maine","Male",2004,137,641826,21.35
"447","Maine","Male",2005,145,644683,22.49
"448","Maine","Male",2006,126,647462,19.46
"449","Maine","Male",2007,156,649243,24.03
"450","Maine","Male",2008,146,651096,22.42
"451","Maine","Male",2009,155,650896,23.81
"452","Maine","Male",2010,151,650056,23.23
"453","Maryland","Female",2000,89,2738692,3.25
"454","Maryland","Female",2001,89,2779864,3.2
"455","Maryland","Female",2002,94,2815197,3.34
"456","Maryland","Female",2003,101,2843847,3.55
"457","Maryland","Female",2004,97,2870043,3.38
"458","Maryland","Female",2005,92,2891761,3.18
"459","Maryland","Female",2006,97,2907963,3.34
"460","Maryland","Female",2007,113,2920109,3.87
"461","Maryland","Female",2008,92,2935788,3.13
"462","Maryland","Female",2009,107,2960001,3.61
"463","Maryland","Female",2010,95,2981790,3.19
"464","Maryland","Male",2000,385,2557794,15.05
"465","Maryland","Male",2001,365,2594827,14.07
"466","Maryland","Male",2002,383,2625192,14.59
"467","Maryland","Male",2003,390,2652422,14.7
"468","Maryland","Male",2004,402,2676892,15.02
"469","Maryland","Male",2005,380,2700618,14.07
"470","Maryland","Male",2006,398,2719404,14.64
"471","Maryland","Male",2007,405,2733299,14.82
"472","Maryland","Male",2008,415,2749177,15.1
"473","Maryland","Male",2009,444,2770387,16.03
"474","Maryland","Male",2010,407,2791762,14.58
"475","Massachusetts","Female",2000,99,3290281,3.01
"476","Massachusetts","Female",2001,88,3312567,2.66
"477","Massachusetts","Female",2002,78,3319436,2.35
"478","Massachusetts","Female",2003,103,3320817,3.1
"479","Massachusetts","Female",2004,82,3314634,2.47
"480","Massachusetts","Female",2005,120,3309010,3.63
"481","Massachusetts","Female",2006,129,3311185,3.9
"482","Massachusetts","Female",2007,111,3321653,3.34
"483","Massachusetts","Female",2008,115,3340730,3.44
"484","Massachusetts","Female",2009,106,3365859,3.15
"485","Massachusetts","Female",2010,127,3381001,3.76
"486","Massachusetts","Male",2000,288,3058816,9.42
"487","Massachusetts","Male",2001,338,3085067,10.96
"488","Massachusetts","Male",2002,358,3097770,11.56
"489","Massachusetts","Male",2003,330,3101748,10.64
"490","Massachusetts","Male",2004,343,3097647,11.07
"491","Massachusetts","Male",2005,360,3094280,11.63
"492","Massachusetts","Male",2006,321,3098899,10.36
"493","Massachusetts","Male",2007,405,3109906,13.02
"494","Massachusetts","Male",2008,394,3128237,12.59
"495","Massachusetts","Male",2009,423,3151754,13.42
"496","Massachusetts","Male",2010,471,3166628,14.87
"497","Michigan","Female",2000,187,5065349,3.69
"498","Michigan","Female",2001,203,5089289,3.99
"499","Michigan","Female",2002,208,5100171,4.08
"500","Michigan","Female",2003,204,5110521,3.99
"501","Michigan","Female",2004,223,5117929,4.36
"502","Michigan","Female",2005,233,5114320,4.56
"503","Michigan","Female",2006,209,5106621,4.09
"504","Michigan","Female",2007,226,5091035,4.44
"505","Michigan","Female",2008,221,5065899,4.36
"506","Michigan","Female",2009,241,5044338,4.78
"507","Michigan","Female",2010,278,5035526,5.52
"508","Michigan","Male",2000,787,4873095,16.15
"509","Michigan","Male",2001,848,4901831,17.3
"510","Michigan","Male",2002,898,4915539,18.27
"511","Michigan","Male",2003,825,4930631,16.73
"512","Michigan","Male",2004,875,4937386,17.72
"513","Michigan","Male",2005,875,4936817,17.72
"514","Michigan","Male",2006,930,4929460,18.87
"515","Michigan","Male",2007,905,4910249,18.43
"516","Michigan","Male",2008,959,4880990,19.65
"517","Michigan","Male",2009,928,4857253,19.11
"518","Michigan","Male",2010,985,4848114,20.32
"519","Minnesota","Female",2000,72,2483848,2.9
"520","Minnesota","Female",2001,86,2514149,3.42
"521","Minnesota","Female",2002,89,2531205,3.52
"522","Minnesota","Female",2003,92,2546999,3.61
"523","Minnesota","Female",2004,97,2564037,3.78
"524","Minnesota","Female",2005,104,2579546,4.03
"525","Minnesota","Female",2006,110,2600951,4.23
"526","Minnesota","Female",2007,108,2622551,4.12
"527","Minnesota","Female",2008,105,2642672,3.97
"528","Minnesota","Female",2009,116,2659958,4.36
"529","Minnesota","Female",2010,140,2671793,5.24
"530","Minnesota","Male",2000,368,2435631,15.11
"531","Minnesota","Male",2001,394,2468647,15.96
"532","Minnesota","Male",2002,408,2487730,16.4
"533","Minnesota","Male",2003,405,2506573,16.16
"534","Minnesota","Male",2004,427,2523676,16.92
"535","Minnesota","Male",2005,442,2540052,17.4
"536","Minnesota","Male",2006,444,2562604,17.33
"537","Minnesota","Male",2007,464,2584652,17.95
"538","Minnesota","Male",2008,491,2604346,18.85
"539","Minnesota","Male",2009,468,2621245,17.85
"540","Minnesota","Male",2010,466,2632132,17.7
"541","Mississippi","Female",2000,53,1471104,3.6
"542","Mississippi","Female",2001,54,1473486,3.66
"543","Mississippi","Female",2002,55,1475412,3.73
"544","Mississippi","Female",2003,78,1479611,5.27
"545","Mississippi","Female",2004,55,1490115,3.69
"546","Mississippi","Female",2005,66,1497962,4.41
"547","Mississippi","Female",2006,72,1496313,4.81
"548","Mississippi","Female",2007,70,1507071,4.64
"549","Mississippi","Female",2008,68,1516955,4.48
"550","Mississippi","Female",2009,69,1522000,4.53
"551","Mississippi","Female",2010,80,1526057,5.24
"552","Mississippi","Male",2000,240,1373554,17.47
"553","Mississippi","Male",2001,274,1379508,19.86
"554","Mississippi","Male",2002,288,1383269,20.82
"555","Mississippi","Male",2003,258,1388701,18.58
"556","Mississippi","Male",2004,294,1398895,21.02
"557","Mississippi","Male",2005,297,1407981,21.09
"558","Mississippi","Male",2006,253,1408665,17.96
"559","Mississippi","Male",2007,326,1421279,22.94
"560","Mississippi","Male",2008,341,1430851,23.83
"561","Mississippi","Male",2009,311,1436774,21.65
"562","Mississippi","Male",2010,308,1441240,21.37
"563","Missouri","Female",2000,133,2875034,4.63
"564","Missouri","Female",2001,130,2895476,4.49
"565","Missouri","Female",2002,115,2910476,3.95
"566","Missouri","Female",2003,143,2926556,4.89
"567","Missouri","Female",2004,153,2942685,5.2
"568","Missouri","Female",2005,138,2962870,4.66
"569","Missouri","Female",2006,169,2987563,5.66
"570","Missouri","Female",2007,165,3007493,5.49
"571","Missouri","Female",2008,166,3024837,5.49
"572","Missouri","Female",2009,179,3042021,5.88
"573","Missouri","Female",2010,153,3055450,5.01
"574","Missouri","Male",2000,566,2720177,20.81
"575","Missouri","Male",2001,595,2745666,21.67
"576","Missouri","Male",2002,578,2764349,20.91
"577","Missouri","Male",2003,536,2782847,19.26
"578","Missouri","Male",2004,562,2805056,20.04
"579","Missouri","Male",2005,589,2827430,20.83
"580","Missouri","Male",2006,629,2855141,22.03
"581","Missouri","Male",2007,643,2880119,22.33
"582","Missouri","Male",2008,613,2899079,21.14
"583","Missouri","Male",2009,681,2919067,23.33
"584","Missouri","Male",2010,703,2933477,23.96
"585","Montana","Female",2000,23,452715,5.08
"586","Montana","Female",2001,27,454683,5.94
"587","Montana","Female",2002,34,456712,7.44
"588","Montana","Female",2003,33,460116,7.17
"589","Montana","Female",2004,33,465000,7.1
"590","Montana","Female",2005,37,469780,7.88
"591","Montana","Female",2006,25,475341,5.26
"592","Montana","Female",2007,40,480939,8.32
"593","Montana","Female",2008,43,486477,8.84
"594","Montana","Female",2009,42,490122,8.57
"595","Montana","Female",2010,48,492748,9.74
"596","Montana","Male",2000,135,449480,30.03
"597","Montana","Male",2001,148,452278,32.72
"598","Montana","Male",2002,150,454955,32.97
"599","Montana","Male",2003,147,459514,31.99
"600","Montana","Male",2004,142,465009,30.54
"601","Montana","Male",2005,169,470322,35.93
"602","Montana","Male",2006,164,477351,34.36
"603","Montana","Male",2007,156,483767,32.25
"604","Montana","Male",2008,160,489938,32.66
"605","Montana","Male",2009,177,493860,35.84
"606","Montana","Male",2010,179,496667,36.04
"607","Nebraska","Female",2000,34,867912,3.92
"608","Nebraska","Female",2001,26,871208,2.98
"609","Nebraska","Female",2002,34,874803,3.89
"610","Nebraska","Female",2003,25,879362,2.84
"611","Nebraska","Female",2004,34,883984,3.85
"612","Nebraska","Female",2005,41,889468,4.61
"613","Nebraska","Female",2006,33,894687,3.69
"614","Nebraska","Female",2007,42,900106,4.67
"615","Nebraska","Female",2008,28,905814,3.09
"616","Nebraska","Female",2009,31,913619,3.39
"617","Nebraska","Female",2010,38,920045,4.13
"618","Nebraska","Male",2000,159,843351,18.85
"619","Nebraska","Male",2001,161,848628,18.97
"620","Nebraska","Male",2002,167,853489,19.57
"621","Nebraska","Male",2003,151,859281,17.57
"622","Nebraska","Male",2004,132,865386,15.25
"623","Nebraska","Male",2005,146,872029,16.74
"624","Nebraska","Male",2006,169,878006,19.25
"625","Nebraska","Male",2007,139,883334,15.74
"626","Nebraska","Male",2008,163,890564,18.3
"627","Nebraska","Male",2009,139,899064,15.46
"628","Nebraska","Male",2010,155,906296,17.1
"629","Nevada","Female",2000,69,980206,7.04
"630","Nevada","Female",2001,84,1030850,8.15
"631","Nevada","Female",2002,90,1069764,8.41
"632","Nevada","Female",2003,85,1108135,7.67
"633","Nevada","Female",2004,98,1156586,8.47
"634","Nevada","Female",2005,101,1198846,8.42
"635","Nevada","Female",2006,108,1243993,8.68
"636","Nevada","Female",2007,102,1284052,7.94
"637","Nevada","Female",2008,110,1310601,8.39
"638","Nevada","Female",2009,117,1327618,8.81
"639","Nevada","Female",2010,124,1336935,9.27
"640","Nevada","Male",2000,330,1018051,32.41
"641","Nevada","Male",2001,302,1067549,28.29
"642","Nevada","Male",2002,333,1104027,30.16
"643","Nevada","Male",2003,348,1140715,30.51
"644","Nevada","Male",2004,342,1189636,28.75
"645","Nevada","Male",2005,377,1233297,30.57
"646","Nevada","Male",2006,378,1278665,29.56
"647","Nevada","Male",2007,369,1317020,28.02
"648","Nevada","Male",2008,418,1343029,31.12
"649","Nevada","Male",2009,388,1357047,28.59
"650","Nevada","Male",2010,423,1363616,31.02
"651","New Hampshire","Female",2000,27,628099,4.3
"652","New Hampshire","Female",2001,35,637412,5.49
"653","New Hampshire","Female",2002,23,643680,3.57
"654","New Hampshire","Female",2003,31,648513,4.78
"655","New Hampshire","Female",2004,29,653845,4.44
"656","New Hampshire","Female",2005,29,657932,4.41
"657","New Hampshire","Female",2006,40,662773,6.04
"658","New Hampshire","Female",2007,35,664987,5.26
"659","New Hampshire","Female",2008,40,666576,6
"660","New Hampshire","Female",2009,32,666875,4.8
"661","New Hampshire","Female",2010,40,667076,6
"662","New Hampshire","Male",2000,104,607687,17.11
"663","New Hampshire","Male",2001,132,618105,21.36
"664","New Hampshire","Male",2002,109,625409,17.43
"665","New Hampshire","Male",2003,127,631327,20.12
"666","New Hampshire","Male",2004,104,636276,16.35
"667","New Hampshire","Male",2005,133,640560,20.76
"668","New Hampshire","Male",2006,111,645616,17.19
"669","New Hampshire","Male",2007,123,647553,18.99
"670","New Hampshire","Male",2008,139,649330,21.41
"671","New Hampshire","Male",2009,134,649227,20.64
"672","New Hampshire","Male",2010,156,649394,24.02
"673","New Jersey","Female",2000,116,4331537,2.68
"674","New Jersey","Female",2001,133,4369932,3.04
"675","New Jersey","Female",2002,111,4398801,2.52
"676","New Jersey","Female",2003,117,4421964,2.65
"677","New Jersey","Female",2004,115,4436964,2.59
"678","New Jersey","Female",2005,114,4443545,2.57
"679","New Jersey","Female",2006,115,4448099,2.59
"680","New Jersey","Female",2007,124,4455148,2.78
"681","New Jersey","Female",2008,117,4469901,2.62
"682","New Jersey","Female",2009,79,4493506,1.76
"683","New Jersey","Female",2010,149,4512294,3.3
"684","New Jersey","Male",2000,444,4082813,10.87
"685","New Jersey","Male",2001,455,4122739,11.04
"686","New Jersey","Male",2002,441,4153842,10.62
"687","New Jersey","Male",2003,471,4179438,11.27
"688","New Jersey","Male",2004,482,4197597,11.48
"689","New Jersey","Male",2005,422,4208429,10.03
"690","New Jersey","Male",2006,469,4213580,11.13
"691","New Jersey","Male",2007,472,4222737,11.18
"692","New Jersey","Male",2008,498,4241189,11.74
"693","New Jersey","Male",2009,478,4262096,11.22
"694","New Jersey","Male",2010,569,4279600,13.3
"695","New Mexico","Female",2000,65,924729,7.03
"696","New Mexico","Female",2001,79,930387,8.49
"697","New Mexico","Female",2002,63,941856,6.69
"698","New Mexico","Female",2003,54,952303,5.67
"699","New Mexico","Female",2004,65,964738,6.74
"700","New Mexico","Female",2005,67,978520,6.85
"701","New Mexico","Female",2006,67,993969,6.74
"702","New Mexico","Female",2007,75,1007922,7.44
"703","New Mexico","Female",2008,104,1018578,10.21
"704","New Mexico","Female",2009,84,1031238,8.15
"705","New Mexico","Female",2010,102,1041758,9.79
"706","New Mexico","Male",2000,260,894317,29.07
"707","New Mexico","Male",2001,282,901303,31.29
"708","New Mexico","Male",2002,286,913453,31.31
"709","New Mexico","Male",2003,289,925271,31.23
"710","New Mexico","Male",2004,290,939070,30.88
"711","New Mexico","Male",2005,275,953754,28.83
"712","New Mexico","Male",2006,285,968168,29.44
"713","New Mexico","Male",2007,326,982148,33.19
"714","New Mexico","Male",2008,315,992084,31.75
"715","New Mexico","Male",2009,292,1005564,29.04
"716","New Mexico","Male",2010,311,1017421,30.57
"717","New York","Female",2000,198,9829709,2.01
"718","New York","Female",2001,245,9878713,2.48
"719","New York","Female",2002,239,9902927,2.41
"720","New York","Female",2003,241,9917810,2.43
"721","New York","Female",2004,215,9913527,2.17
"722","New York","Female",2005,219,9887467,2.21
"723","New York","Female",2006,253,9871401,2.56
"724","New York","Female",2007,331,9881510,3.35
"725","New York","Female",2008,322,9918841,3.25
"726","New York","Female",2009,298,9966620,2.99
"727","New York","Female",2010,315,10000955,3.15
"728","New York","Male",2000,934,9146748,10.21
"729","New York","Male",2001,1008,9204125,10.95
"730","New York","Male",2002,989,9234873,10.71
"731","New York","Male",2003,928,9258129,10.02
"732","New York","Male",2004,972,9258040,10.5
"733","New York","Male",2005,970,9245143,10.49
"734","New York","Male",2006,1073,9233230,11.62
"735","New York","Male",2007,1065,9250825,11.51
"736","New York","Male",2008,1087,9293595,11.7
"737","New York","Male",2009,1117,9340446,11.96
"738","New York","Male",2010,1232,9377147,13.14
"739","North Carolina","Female",2000,224,4106618,5.45
"740","North Carolina","Female",2001,202,4187317,4.82
"741","North Carolina","Female",2002,195,4250179,4.59
"742","North Carolina","Female",2003,195,4313901,4.52
"743","North Carolina","Female",2004,231,4376070,5.28
"744","North Carolina","Female",2005,242,4457189,5.43
"745","North Carolina","Female",2006,252,4563152,5.52
"746","North Carolina","Female",2007,258,4677313,5.52
"747","North Carolina","Female",2008,269,4771376,5.64
"748","North Carolina","Female",2009,240,4846501,4.95
"749","North Carolina","Female",2010,266,4889991,5.44
"750","North Carolina","Male",2000,747,3942695,18.95
"751","North Carolina","Male",2001,793,4022805,19.71
"752","North Carolina","Male",2002,791,4076022,19.41
"753","North Carolina","Male",2003,760,4108600,18.5
"754","North Carolina","Male",2004,795,4177082,19.03
"755","North Carolina","Male",2005,767,4248218,18.05
"756","North Carolina","Male",2006,852,4354118,19.57
"757","North Carolina","Male",2007,819,4440724,18.44
"758","North Carolina","Male",2008,892,4538073,19.66
"759","North Carolina","Male",2009,934,4603065,20.29
"760","North Carolina","Male",2010,908,4645492,19.55
"761","North Dakota","Female",2001,18,319787,5.63
"762","North Dakota","Female",2002,14,319017,4.39
"763","North Dakota","Female",2003,15,318896,4.7
"764","North Dakota","Female",2004,10,321008,3.12
"765","North Dakota","Female",2006,17,322583,5.27
"766","North Dakota","Female",2008,14,326131,4.29
"767","North Dakota","Female",2009,12,329674,3.64
"768","North Dakota","Female",2010,17,332727,5.11
"769","North Dakota","Male",2000,59,320524,18.41
"770","North Dakota","Male",2001,61,319275,19.11
"771","North Dakota","Male",2002,77,319151,24.13
"772","North Dakota","Male",2003,66,319921,20.63
"773","North Dakota","Male",2004,63,323697,19.46
"774","North Dakota","Male",2005,86,324546,26.5
"775","North Dakota","Male",2006,73,326839,22.34
"776","North Dakota","Male",2007,87,328756,26.46
"777","North Dakota","Male",2008,72,331438,21.72
"778","North Dakota","Male",2009,78,335294,23.26
"779","North Dakota","Male",2010,89,339864,26.19
"780","Ohio","Female",2000,191,5840878,3.27
"781","Ohio","Female",2001,215,5853691,3.67
"782","Ohio","Female",2002,257,5859385,4.39
"783","Ohio","Female",2003,189,5868535,3.22
"784","Ohio","Female",2004,283,5874411,4.82
"785","Ohio","Female",2005,240,5876703,4.08
"786","Ohio","Female",2006,284,5883067,4.83
"787","Ohio","Female",2007,232,5890965,3.94
"788","Ohio","Female",2008,288,5896594,4.88
"789","Ohio","Female",2009,236,5902018,4
"790","Ohio","Female",2010,294,5904348,4.98
"791","Ohio","Male",2000,897,5512262,16.27
"792","Ohio","Male",2001,1004,5533713,18.14
"793","Ohio","Male",2002,1030,5548504,18.56
"794","Ohio","Male",2003,885,5566253,15.9
"795","Ohio","Male",2004,1036,5577840,18.57
"796","Ohio","Male",2005,1101,5586617,19.71
"797","Ohio","Male",2006,1041,5598146,18.6
"798","Ohio","Male",2007,1063,5609503,18.95
"799","Ohio","Male",2008,1124,5618797,20
"800","Ohio","Male",2009,940,5626878,16.71
"801","Ohio","Male",2010,1145,5632156,20.33
"802","Oklahoma","Female",2000,103,1754759,5.87
"803","Oklahoma","Female",2001,91,1760052,5.17
"804","Oklahoma","Female",2002,104,1769080,5.88
"805","Oklahoma","Female",2003,78,1777723,4.39
"806","Oklahoma","Female",2004,111,1784671,6.22
"807","Oklahoma","Female",2005,118,1796475,6.57
"808","Oklahoma","Female",2006,111,1818693,6.1
"809","Oklahoma","Female",2007,125,1837175,6.8
"810","Oklahoma","Female",2008,109,1854771,5.88
"811","Oklahoma","Female",2009,111,1878034,5.91
"812","Oklahoma","Female",2010,118,1894374,6.23
"813","Oklahoma","Male",2000,394,1695895,23.23
"814","Oklahoma","Male",2001,423,1707048,24.78
"815","Oklahoma","Male",2002,397,1720000,23.08
"816","Oklahoma","Male",2003,398,1727169,23.04
"817","Oklahoma","Male",2004,395,1740562,22.69
"818","Oklahoma","Male",2005,404,1752122,23.06
"819","Oklahoma","Male",2006,426,1775397,23.99
"820","Oklahoma","Male",2007,406,1797174,22.59
"821","Oklahoma","Male",2008,466,1814205,25.69
"822","Oklahoma","Male",2009,456,1839538,24.79
"823","Oklahoma","Male",2010,500,1856977,26.93
"824","Oregon","Female",2000,113,1724849,6.55
"825","Oregon","Female",2001,104,1747889,5.95
"826","Oregon","Female",2002,85,1771126,4.8
"827","Oregon","Female",2003,112,1788805,6.26
"828","Oregon","Female",2004,140,1800377,7.78
"829","Oregon","Female",2005,117,1823447,6.42
"830","Oregon","Female",2006,137,1853117,7.39
"831","Oregon","Female",2007,128,1879347,6.81
"832","Oregon","Female",2008,119,1903535,6.25
"833","Oregon","Female",2009,157,1923209,8.16
"834","Oregon","Female",2010,150,1935072,7.75
"835","Oregon","Male",2000,380,1696550,22.4
"836","Oregon","Male",2001,401,1720048,23.31
"837","Oregon","Male",2002,433,1742298,24.85
"838","Oregon","Male",2003,480,1758571,27.29
"839","Oregon","Male",2004,415,1769086,23.46
"840","Oregon","Male",2005,443,1789755,24.75
"841","Oregon","Male",2006,442,1817766,24.32
"842","Oregon","Male",2007,466,1843070,25.28
"843","Oregon","Male",2008,453,1865213,24.29
"844","Oregon","Male",2009,487,1885391,25.83
"845","Oregon","Male",2010,535,1896002,28.22
"846","Pennsylvania","Female",2000,241,6351391,3.79
"847","Pennsylvania","Female",2001,225,6354395,3.54
"848","Pennsylvania","Female",2002,235,6363832,3.69
"849","Pennsylvania","Female",2003,245,6377894,3.84
"850","Pennsylvania","Female",2004,280,6390749,4.38
"851","Pennsylvania","Female",2005,272,6405053,4.25
"852","Pennsylvania","Female",2006,243,6429312,3.78
"853","Pennsylvania","Female",2007,253,6452087,3.92
"854","Pennsylvania","Female",2008,276,6473295,4.26
"855","Pennsylvania","Female",2009,342,6497024,5.26
"856","Pennsylvania","Female",2010,326,6512016,5.01
"857","Pennsylvania","Male",2000,1114,5929663,18.79
"858","Pennsylvania","Male",2001,1046,5944575,17.6
"859","Pennsylvania","Male",2002,1106,5967199,18.53
"860","Pennsylvania","Male",2003,1095,5996764,18.26
"861","Pennsylvania","Male",2004,1130,6019973,18.77
"862","Pennsylvania","Male",2005,1158,6044937,19.16
"863","Pennsylvania","Male",2006,1153,6081497,18.96
"864","Pennsylvania","Male",2007,1187,6111850,19.42
"865","Pennsylvania","Male",2008,1263,6138990,20.57
"866","Pennsylvania","Male",2009,1289,6169834,20.89
"867","Pennsylvania","Male",2010,1250,6190363,20.19
"868","Rhode Island","Female",2000,14,544684,2.57
"869","Rhode Island","Female",2001,22,548974,4.01
"870","Rhode Island","Female",2002,20,553090,3.62
"871","Rhode Island","Female",2003,15,555590,2.7
"872","Rhode Island","Female",2004,15,556375,2.7
"873","Rhode Island","Female",2005,21,552832,3.8
"874","Rhode Island","Female",2006,15,550134,2.73
"875","Rhode Island","Female",2007,20,546859,3.66
"876","Rhode Island","Female",2008,32,545412,5.87
"877","Rhode Island","Female",2009,22,544764,4.04
"878","Rhode Island","Female",2010,19,544167,3.49
"879","Rhode Island","Male",2000,61,503635,12.11
"880","Rhode Island","Male",2001,65,508168,12.79
"881","Rhode Island","Male",2002,66,512905,12.87
"882","Rhode Island","Male",2003,69,515752,13.38
"883","Rhode Island","Male",2004,70,518204,13.51
"884","Rhode Island","Male",2005,50,515084,9.71
"885","Rhode Island","Male",2006,75,512962,14.62
"886","Rhode Island","Male",2007,76,510456,14.89
"887","Rhode Island","Male",2008,78,509591,15.31
"888","Rhode Island","Male",2009,96,508882,18.86
"889","Rhode Island","Male",2010,110,508400,21.64
"890","South Carolina","Female",2000,103,2063083,4.99
"891","South Carolina","Female",2001,110,2089963,5.26
"892","South Carolina","Female",2002,75,2111069,3.55
"893","South Carolina","Female",2003,99,2133967,4.64
"894","South Carolina","Female",2004,91,2162305,4.21
"895","South Carolina","Female",2005,107,2192345,4.88
"896","South Carolina","Female",2006,119,2237655,5.32
"897","South Carolina","Female",2007,132,2280792,5.79
"898","South Carolina","Female",2008,111,2325047,4.77
"899","South Carolina","Female",2009,131,2357030,5.56
"900","South Carolina","Female",2010,151,2375263,6.36
"901","South Carolina","Male",2000,340,1948929,17.45
"902","South Carolina","Male",2001,357,1975032,18.08
"903","South Carolina","Male",2002,365,1996726,18.28
"904","South Carolina","Male",2003,377,2016330,18.7
"905","South Carolina","Male",2004,391,2048616,19.09
"906","South Carolina","Male",2005,403,2077805,19.4
"907","South Carolina","Male",2006,405,2120192,19.1
"908","South Carolina","Male",2007,397,2163318,18.35
"909","South Carolina","Male",2008,454,2203949,20.6
"910","South Carolina","Male",2009,488,2232842,21.86
"911","South Carolina","Male",2010,486,2250101,21.6
"912","South Dakota","Female",2000,12,380286,3.16
"913","South Dakota","Female",2001,17,381537,4.46
"914","South Dakota","Female",2002,18,382328,4.71
"915","South Dakota","Female",2003,19,383633,4.95
"916","South Dakota","Female",2004,18,386677,4.66
"917","South Dakota","Female",2005,17,389021,4.37
"918","South Dakota","Female",2006,21,392420,5.35
"919","South Dakota","Female",2007,26,396650,6.55
"920","South Dakota","Female",2008,23,400236,5.75
"921","South Dakota","Female",2009,21,403198,5.21
"922","South Dakota","Female",2010,38,406799,9.34
"923","South Dakota","Male",2000,83,374558,22.16
"924","South Dakota","Male",2001,88,376435,23.38
"925","South Dakota","Male",2002,76,377692,20.12
"926","South Dakota","Male",2003,83,380096,21.84
"927","South Dakota","Male",2004,94,383719,24.5
"928","South Dakota","Male",2005,104,386472,26.91
"929","South Dakota","Male",2006,104,390613,26.62
"930","South Dakota","Male",2007,76,394973,19.24
"931","South Dakota","Male",2008,101,398888,25.32
"932","South Dakota","Male",2009,108,403869,26.74
"933","South Dakota","Male",2010,102,407381,25.04
"934","Tennessee","Female",2000,146,2919008,5
"935","Tennessee","Female",2001,133,2948421,4.51
"936","Tennessee","Female",2002,166,2971873,5.59
"937","Tennessee","Female",2003,165,3000983,5.5
"938","Tennessee","Female",2004,165,3027931,5.45
"939","Tennessee","Female",2005,159,3068439,5.18
"940","Tennessee","Female",2006,195,3121455,6.25
"941","Tennessee","Female",2007,201,3162280,6.36
"942","Tennessee","Female",2008,223,3203115,6.96
"943","Tennessee","Female",2009,199,3231769,6.16
"944","Tennessee","Female",2010,215,3252601,6.61
"945","Tennessee","Male",2000,584,2770275,21.08
"946","Tennessee","Male",2001,578,2802368,20.63
"947","Tennessee","Male",2002,611,2824045,21.64
"948","Tennessee","Male",2003,597,2846829,20.97
"949","Tennessee","Male",2004,627,2882878,21.75
"950","Tennessee","Male",2005,697,2922618,23.85
"951","Tennessee","Male",2006,679,2967311,22.88
"952","Tennessee","Male",2007,643,3013447,21.34
"953","Tennessee","Male",2008,750,3044296,24.64
"954","Tennessee","Male",2009,747,3074250,24.3
"955","Tennessee","Male",2010,728,3093504,23.53
"956","Texas","Female",2000,406,10498910,3.87
"957","Texas","Female",2001,444,10731190,4.14
"958","Texas","Female",2002,505,10914653,4.63
"959","Texas","Female",2003,509,11095953,4.59
"960","Texas","Female",2004,497,11278402,4.41
"961","Texas","Female",2005,494,11470439,4.31
"962","Texas","Female",2006,500,11771243,4.25
"963","Texas","Female",2007,501,12010572,4.17
"964","Texas","Female",2008,500,12249936,4.08
"965","Texas","Female",2009,572,12500150,4.58
"966","Texas","Female",2010,591,12673281,4.66
"967","Texas","Male",2000,1647,10352910,15.91
"968","Texas","Male",2001,1780,10588432,16.81
"969","Texas","Male",2002,1803,10775672,16.73
"970","Texas","Male",2003,1853,10934978,16.95
"971","Texas","Male",2004,1802,11115621,16.21
"972","Texas","Male",2005,1924,11307684,17.01
"973","Texas","Male",2006,1847,11588337,15.94
"974","Texas","Male",2007,1932,11821411,16.34
"975","Texas","Male",2008,2052,12059103,17.02
"976","Texas","Male",2009,2235,12301611,18.17
"977","Texas","Male",2010,2298,12472280,18.42
"978","Utah","Female",2000,73,1114138,6.55
"979","Utah","Female",2001,56,1139182,4.92
"980","Utah","Female",2002,77,1158853,6.64
"981","Utah","Female",2003,55,1175867,4.68
"982","Utah","Female",2004,67,1196749,5.6
"983","Utah","Female",2005,62,1224741,5.06
"984","Utah","Female",2006,82,1257991,6.52
"985","Utah","Female",2007,76,1292672,5.88
"986","Utah","Female",2008,73,1325631,5.51
"987","Utah","Female",2009,98,1355509,7.23
"988","Utah","Female",2010,98,1375568,7.12
"989","Utah","Male",2000,225,1119031,20.11
"990","Utah","Male",2001,265,1144533,23.15
"991","Utah","Male",2002,263,1165962,22.56
"992","Utah","Male",2003,281,1184270,23.73
"993","Utah","Male",2004,310,1204831,25.73
"994","Utah","Male",2005,286,1232978,23.2
"995","Utah","Male",2006,280,1267516,22.09
"996","Utah","Male",2007,302,1305074,23.14
"997","Utah","Male",2008,317,1337398,23.7
"998","Utah","Male",2009,351,1367912,25.66
"999","Utah","Male",2010,375,1388317,27.01
"1000","Vermont","Female",2001,13,311779,4.17
"1001","Vermont","Female",2002,15,312959,4.79
"1002","Vermont","Female",2003,14,314206,4.46
"1003","Vermont","Female",2004,16,315080,5.08
"1004","Vermont","Female",2005,18,315422,5.71
"1005","Vermont","Female",2006,20,316290,6.32
"1006","Vermont","Female",2007,19,316538,6
"1007","Vermont","Female",2008,22,316722,6.95
"1008","Vermont","Female",2009,18,317128,5.68
"1009","Vermont","Female",2010,20,317535,6.3
"1010","Vermont","Male",2000,68,298337,22.79
"1011","Vermont","Male",2001,59,300444,19.64
"1012","Vermont","Male",2002,77,302483,25.46
"1013","Vermont","Male",2003,69,303652,22.72
"1014","Vermont","Male",2004,77,304840,25.26
"1015","Vermont","Male",2005,60,305793,19.62
"1016","Vermont","Male",2006,61,306602,19.9
"1017","Vermont","Male",2007,70,306943,22.81
"1018","Vermont","Male",2008,72,307429,23.42
"1019","Vermont","Male",2009,69,307689,22.43
"1020","Vermont","Male",2010,86,308206,27.9
"1021","Virginia","Female",2000,167,3606620,4.63
"1022","Virginia","Female",2001,176,3665386,4.8
"1023","Virginia","Female",2002,175,3713695,4.71
"1024","Virginia","Female",2003,177,3757780,4.71
"1025","Virginia","Female",2004,171,3814310,4.48
"1026","Virginia","Female",2005,185,3863646,4.79
"1027","Virginia","Female",2006,206,3908475,5.27
"1028","Virginia","Female",2007,229,3947966,5.8
"1029","Virginia","Female",2008,204,3988983,5.11
"1030","Virginia","Female",2009,217,4037895,5.37
"1031","Virginia","Female",2010,191,4075041,4.69
"1032","Virginia","Male",2000,601,3471895,17.31
"1033","Virginia","Male",2001,621,3532976,17.58
"1034","Virginia","Male",2002,624,3573178,17.46
"1035","Virginia","Male",2003,631,3609197,17.48
"1036","Virginia","Male",2004,656,3661265,17.92
"1037","Virginia","Male",2005,681,3713459,18.34
"1038","Virginia","Male",2006,670,3765250,17.79
"1039","Virginia","Male",2007,651,3803034,17.12
"1040","Virginia","Male",2008,744,3844513,19.35
"1041","Virginia","Male",2009,746,3888042,19.19
"1042","Virginia","Male",2010,772,3925983,19.66
"1043","Washington","Female",2000,140,2959821,4.73
"1044","Washington","Female",2001,142,3002080,4.73
"1045","Washington","Female",2002,169,3036742,5.57
"1046","Washington","Female",2003,161,3065739,5.25
"1047","Washington","Female",2004,191,3107815,6.15
"1048","Washington","Female",2005,166,3145396,5.28
"1049","Washington","Female",2006,177,3200695,5.53
"1050","Washington","Female",2007,190,3247800,5.85
"1051","Washington","Female",2008,189,3293162,5.74
"1052","Washington","Female",2009,204,3343920,6.1
"1053","Washington","Female",2010,218,3374833,6.46
"1054","Washington","Male",2000,587,2934300,20
"1055","Washington","Male",2001,570,2983642,19.1
"1056","Washington","Male",2002,642,3015607,21.29
"1057","Washington","Male",2003,642,3038376,21.13
"1058","Washington","Male",2004,639,3070830,20.81
"1059","Washington","Male",2005,656,3111909,21.08
"1060","Washington","Male",2006,632,3170058,19.94
"1061","Washington","Male",2007,675,3213787,21
"1062","Washington","Male",2008,700,3269069,21.41
"1063","Washington","Male",2009,717,3323506,21.57
"1064","Washington","Male",2010,739,3349707,22.06
"1065","West Virginia","Female",2000,51,929174,5.49
"1066","West Virginia","Female",2001,46,923643,4.98
"1067","West Virginia","Female",2002,41,923841,4.44
"1068","West Virginia","Female",2003,40,925835,4.32
"1069","West Virginia","Female",2004,49,927027,5.29
"1070","West Virginia","Female",2005,44,927690,4.74
"1071","West Virginia","Female",2006,54,930605,5.8
"1072","West Virginia","Female",2007,46,932683,4.93
"1073","West Virginia","Female",2008,56,934911,5.99
"1074","West Virginia","Female",2009,41,937434,4.37
"1075","West Virginia","Female",2010,40,939408,4.26
"1076","West Virginia","Male",2000,194,879170,22.07
"1077","West Virginia","Male",2001,240,877838,27.34
"1078","West Virginia","Male",2002,235,881573,26.66
"1079","West Virginia","Male",2003,226,886460,25.49
"1080","West Virginia","Male",2004,236,889411,26.53
"1081","West Virginia","Male",2005,211,892802,23.63
"1082","West Virginia","Male",2006,215,897307,23.96
"1083","West Virginia","Male",2007,254,901369,28.18
"1084","West Virginia","Male",2008,205,905399,22.64
"1085","West Virginia","Male",2009,212,910341,23.29
"1086","West Virginia","Male",2010,239,913586,26.16
"1087","Wisconsin","Female",2000,119,2714634,4.38
"1088","Wisconsin","Female",2001,116,2733647,4.24
"1089","Wisconsin","Female",2002,115,2751697,4.18
"1090","Wisconsin","Female",2003,109,2766901,3.94
"1091","Wisconsin","Female",2004,155,2782678,5.57
"1092","Wisconsin","Female",2005,121,2797061,4.33
"1093","Wisconsin","Female",2006,144,2812276,5.12
"1094","Wisconsin","Female",2007,148,2827782,5.23
"1095","Wisconsin","Female",2008,158,2842268,5.56
"1096","Wisconsin","Female",2009,165,2856103,5.78
"1097","Wisconsin","Female",2010,160,2864586,5.59
"1098","Wisconsin","Male",2000,471,2649041,17.78
"1099","Wisconsin","Male",2001,522,2673188,19.53
"1100","Wisconsin","Male",2002,512,2693465,19.01
"1101","Wisconsin","Male",2003,538,2712302,19.84
"1102","Wisconsin","Male",2004,507,2731348,18.56
"1103","Wisconsin","Male",2005,522,2749105,18.99
"1104","Wisconsin","Male",2006,526,2765379,19.02
"1105","Wisconsin","Male",2007,581,2782993,20.88
"1106","Wisconsin","Male",2008,585,2798728,20.9
"1107","Wisconsin","Male",2009,559,2813161,19.87
"1108","Wisconsin","Male",2010,633,2822400,22.43
"1109","Wyoming","Female",2000,15,245408,6.11
"1110","Wyoming","Female",2001,11,245327,4.48
"1111","Wyoming","Female",2002,18,247785,7.26
"1112","Wyoming","Female",2003,16,249128,6.42
"1113","Wyoming","Female",2004,21,251506,8.35
"1114","Wyoming","Female",2005,23,253726,9.06
"1115","Wyoming","Female",2006,23,257361,8.94
"1116","Wyoming","Female",2007,18,262776,6.85
"1117","Wyoming","Female",2008,21,267982,7.84
"1118","Wyoming","Female",2009,20,274046,7.3
"1119","Wyoming","Female",2010,25,276189,9.05
"1120","Wyoming","Male",2000,68,248374,27.38
"1121","Wyoming","Male",2001,72,249330,28.88
"1122","Wyoming","Male",2002,87,252232,34.49
"1123","Wyoming","Male",2003,93,254325,36.57
"1124","Wyoming","Male",2004,67,257600,26.01
"1125","Wyoming","Male",2005,67,260431,25.73
"1126","Wyoming","Male",2006,93,265306,35.05
"1127","Wyoming","Male",2007,83,272100,30.5
"1128","Wyoming","Male",2008,103,278061,37.04
"1129","Wyoming","Male",2009,91,285805,31.84
"1130","Wyoming","Male",2010,106,287437,36.88
